 Give a short description about Amazon,0 
 Give a short verbal_description about Amazon,0 
 Give a little description about Amazon,0 
 Give a little verbal_description about Amazon,0 
 Give a inadequate description about Amazon,0 
 Give a inadequate verbal_description about Amazon,0 
 Give a light description about Amazon,0 
 Give a light verbal_description about Amazon,0 
 Give a scant description about Amazon,0 
 Give a scant verbal_description about Amazon,0 
 Give a shortsighted description about Amazon,0 
 Give a shortsighted verbal_description about Amazon,0 
 Give a unforesightful description about Amazon,0 
 Give a unforesightful verbal_description about Amazon,0 
 Give a curt description about Amazon,0 
 Give a curtly verbal_description about Amazon,0 
 Give a shortly description about Amazon,0 
 Give a shortly verbal_description about Amazon,0 
 give a short description about Amazon,0 
 give a light description about Amazon,0 
 give a light verbal_description about Amazon,0 
 give a scant description about Amazon,0 
 yield a short description about Amazon,0 
 present a short description about Amazon,0 
 present a short verbal_description about Amazon,0 
 devote a curtly verbal_description about Amazon,0 
 devote a shortly description about Amazon,0 
 render a short description about Amazon,0 
 render a short verbal_description about Amazon,0 
 render a suddenly verbal_description about Amazon,0 
 return a short description about Amazon,0 
 return a short verbal_description about Amazon,0 
 generate a short description about Amazon,0 
 generate a short verbal_description about Amazon,0 
 generate a short_circuit description about Amazon,0 
 generate a short_circuit verbal_description about Amazon,0 
 generate a shortstop description about Amazon,0 
 generate a shortstop verbal_description about Amazon,0 
 generate a short-change description about Amazon,0 
 generate a short-change verbal_description about Amazon,0 
 generate a short-circuit description about Amazon,0 
 generate a short-circuit verbal_description about Amazon,0 
 generate a little description about Amazon,0 
 generate a little verbal_description about Amazon,0 
 generate a inadequate description about Amazon,0 
 generate a inadequate verbal_description about Amazon,0 
 generate a poor description about Amazon,0 
 generate a poor verbal_description about Amazon,0 
 generate a unretentive description about Amazon,0 
 generate a unretentive verbal_description about Amazon,0 
 generate a forgetful description about Amazon,0 
 generate a forgetful verbal_description about Amazon,0 
 generate a light description about Amazon,0 
 generate a light verbal_description about Amazon,0 
 generate a scant description about Amazon,0 
 generate a scant verbal_description about Amazon,0 
 generate a shortsighted description about Amazon,0 
 generate a shortsighted verbal_description about Amazon,0 
 generate a unforesightful description about Amazon,0 
 generate a unforesightful verbal_description about Amazon,0 
 generate a myopic description about Amazon,0 
 generate a myopic verbal_description about Amazon,0 
 generate a brusque description about Amazon,0 
 generate a brusque verbal_description about Amazon,0 
 give_way a dead description about Amazon,0 
 give_way a dead verbal_description about Amazon,0 
 contribute a little description about Amazon,0 
 contribute a little verbal_description about Amazon,0 
 Briefly describe Amazon,0 
 Briefly depict Amazon,0 
 Briefly draw Amazon,0 
 Briefly report Amazon,0 
 Briefly account Amazon,0 
 Briefly trace Amazon,0 
 Briefly line Amazon,0 
 Briefly delineate Amazon,0 
 Briefly identify Amazon,0 
 Briefly discover Amazon,0 
 Briefly key Amazon,0 
 Briefly key_out Amazon,0 
 Briefly distinguish Amazon,0  
 briefly name Amazon,0 
 concisely describe Amazon,0 
 concisely depict Amazon,0 
 concisely draw Amazon,0 
 concisely name Amazon,0 
 shortly describe Amazon,0 
 shortly depict Amazon,0 
 shortly draw Amazon,0 
 shortly report Amazon,0 
 shortly account Amazon,0 
 shortly trace Amazon,0 
 in_brief describe Amazon,0 
 in_brief depict Amazon,0 
 in_brief draw Amazon,0 
 in_short distinguish Amazon,0 
 in_short name Amazon,0 
 Tell me something about Amazon,0  
 William_Tell me something about Amazon,0  
 state me something about Amazon,0  
 say me something about Amazon,0  
 tell me something about Amazon,0  
 narrate me something about Amazon,0  
 recount me something about Amazon,0  
 recite me something about Amazon,0  
 tell_apart me something about Amazon,0  
 Say something about Amazon,0 
 say something about Amazon,0 
 state something about Amazon,0 
 tell something about Amazon,0 
 sound_out something about Amazon,0 
 enunciate something about Amazon,0 
 I would like to know about Amazon,0 
 I would the_like to know about Amazon,0 
 one would like to know about Amazon,0 
 one would the_like to know about Amazon,0 
 one would the_likes_of to know about Amazon,0 
 one would ilk to know about Amazon,0 
 one would wish to know about Amazon,0 
 one would care to know about Amazon,0 
 one would similar to know about Amazon,0 
 one would same to know about Amazon,0 
 one would alike to know about Amazon,0 
 one would comparable to know about Amazon,0 
 one would corresponding to know about Amazon,0 
 i would like to know about Amazon,0 
 i would the_like to know about Amazon,0 
 i would the_likes_of to know about Amazon,0 
 yield an overview of Amazon,0 
 afford an overview of Amazon,0 
 Everything about Amazon,0 
 What is Revenue of Amazon,1 
 What is gross of Amazon,1 
 What is revenue of Amazon,1 
 What is receipts of Amazon,1 
 What is tax_income of Amazon,1 
 What is taxation of Amazon,1 
 What is tax_revenue of Amazon,1 
 Total amount of revenue generated by Amazon,1
 Total amount of revenue generate by Amazon,1
 Total sum of receipts sire by Amazon,1
 Total quantity of tax_revenue yield by Amazon,1
 Total quantity of tax_revenue return by Amazon,1
 Total quantity of tax_revenue give by Amazon,1
 Total quantity of tax_revenue beget by Amazon,1
 Total quantity of tax_revenue get by Amazon,1
 Total quantity of tax_revenue engender by Amazon,1
 Total quantity of tax_revenue mother by Amazon,1
 Total quantity of tax_revenue sire by Amazon,1
 sum quantity of tax_income generated by Amazon,1
 sum number of revenue generate by Amazon,1
 total amount of tax_revenue generate by Amazon,1
 total amount of tax_revenue bring_forth by Amazon,1
 total number of tax_revenue mother by Amazon,1
 total number of tax_revenue sire by Amazon,1
 add quantity of tax_revenue mother by Amazon,1
 add quantity of tax_revenue sire by Amazon,1
 add total of revenue generated by Amazon,1
 add total of revenue generate by Amazon,1
 add total of revenue bring_forth by Amazon,1
 add total of revenue render by Amazon,1
 How much total Cash did Amazon earn,1
 How much total Cash did Amazon gain,1
 How much total Cash did Amazon take_in,1
 How much total Cash did Amazon clear,1
 How much total Cash did Amazon make,1
 How much total Cash did Amazon realize,1
 How much total Cash did Amazon realise,1
 How much total Cash did Amazon pull_in,1
 How much total Cash did Amazon bring_in,1
 How much total Cash did Amazon garner,1
 How much total Johnny_Cash did Amazon earn,1
 How much total Johnny_Cash did Amazon gain,1
 How much total Johnny_Cash did Amazon take_in,1
 How much total Johnny_Cash did Amazon clear,1
 How much total Johnny_Cash did Amazon make,1
 How much total Johnny_Cash did Amazon realize,1
 How much total Johnny_Cash did Amazon realise,1
 How much total Johnny_Cash did Amazon pull_in,1
 How much total Johnny_Cash did Amazon bring_in,1
 How much total Johnny_Cash did Amazon garner,1
 How much total John_Cash did Amazon earn,1
 How much total John_Cash did Amazon gain,1
 How much total John_Cash did Amazon take_in,1
 How much total John_Cash did Amazon clear,1
 How much total John_Cash did Amazon make,1
 How much total John_Cash did Amazon realize,1
 How much total John_Cash did Amazon realise,1
 How much total John_Cash did Amazon pull_in,1
 How much total John_Cash did Amazon bring_in,1
 How much total John_Cash did Amazon garner,1
 How much total cash_in did Amazon earn,1
 How much total cash_in did Amazon gain,1
 How much total cash_in did Amazon take_in,1
 How much total cash_in did Amazon clear,1
 How much total cash_in did Amazon make,1
 How much total cash_in did Amazon realize,1
 How much total cash_in did Amazon realise,1
 How much total cash_in did Amazon pull_in,1
 How much total cash_in did Amazon bring_in,1
 How much total cash_in did Amazon garner,1
 How much sum cash did Amazon earn,1
 How much sum cash did Amazon gain,1
 How much sum cash did Amazon take_in,1
 How much sum cash did Amazon clear,1
 How much sum cash did Amazon make,1
 How much sum cash did Amazon realize,1
 How much sum cash did Amazon realise,1
 How much sum cash did Amazon pull_in,1
 How much sum cash did Amazon bring_in,1
 How much sum cash did Amazon garner,1
 How much sum hard_cash did Amazon earn,1
 How much sum hard_cash did Amazon gain,1
 How much sum hard_cash did Amazon take_in,1
 How much sum hard_cash did Amazon clear,1
 How much sum hard_cash did Amazon make,1
 How much sum hard_cash did Amazon realize,1
 How much sum hard_cash did Amazon realise,1
 How much sum hard_cash did Amazon pull_in,1
 How much sum hard_cash did Amazon bring_in,1
 How much sum hard_cash did Amazon garner,1
 How much sum hard_currency did Amazon earn,1
 How much sum hard_currency did Amazon gain,1
 How much sum hard_currency did Amazon take_in,1
 How much sum hard_currency did Amazon clear,1
 How much sum hard_currency did Amazon make,1
 How much sum hard_currency did Amazon realize,1
 How much sum hard_currency did Amazon realise,1
 How much sum hard_currency did Amazon pull_in,1
 How much sum hard_currency did Amazon bring_in,1
 How much sum hard_currency did Amazon garner,1
 How much sum immediate_payment did Amazon earn,1
 How much sum immediate_payment did Amazon gain,1
 How much sum immediate_payment did Amazon take_in,1
 How much sum immediate_payment did Amazon clear,1
 How much sum immediate_payment did Amazon make,1
 How much sum immediate_payment did Amazon realize,1
 How much sum immediate_payment did Amazon realise,1
 How much sum immediate_payment did Amazon pull_in,1
 How much sum immediate_payment did Amazon bring_in,1
 How much sum immediate_payment did Amazon garner,1
 How much sum Cash did Amazon earn,1
 How much sum Cash did Amazon gain,1
 How much sum Cash did Amazon take_in,1
 How much sum Cash did Amazon clear,1
 How much sum Cash did Amazon make,1
 How much sum Cash did Amazon realize,1
 How much sum Cash did Amazon realise,1
 How much sum Cash did Amazon pull_in,1
 How much sum Cash did Amazon bring_in,1
 How much sum Cash did Amazon garner,1
 How much sum Johnny_Cash did Amazon earn,1
 How much sum Johnny_Cash did Amazon gain,1
 How much sum Johnny_Cash did Amazon take_in,1
 How much sum Johnny_Cash did Amazon clear,1
 How much sum Johnny_Cash did Amazon make,1
 How much sum Johnny_Cash did Amazon realize,1
 How much sum Johnny_Cash did Amazon realise,1
 How much sum Johnny_Cash did Amazon pull_in,1
 How much sum Johnny_Cash did Amazon bring_in,1
 How much sum Johnny_Cash did Amazon garner,1
 How much sum John_Cash did Amazon earn,1
 How much sum John_Cash did Amazon gain,1
 How much sum John_Cash did Amazon take_in,1
 How much sum John_Cash did Amazon clear,1
 How much sum John_Cash did Amazon make,1
 How much sum John_Cash did Amazon realize,1
 How much sum John_Cash did Amazon realise,1
 How much sum John_Cash did Amazon pull_in,1
 How much sum John_Cash did Amazon bring_in,1
 How much sum John_Cash did Amazon garner,1
 How much sum cash_in did Amazon earn,1
 How much sum cash_in did Amazon gain,1
 How much sum cash_in did Amazon take_in,1
 How much sum cash_in did Amazon clear,1
 How much sum cash_in did Amazon make,1
 How much sum cash_in did Amazon realize,1
 How much sum cash_in did Amazon realise,1
 How much sum cash_in did Amazon pull_in,1
 How much sum cash_in did Amazon bring_in,1
 How much sum cash_in did Amazon garner,1
 How much totality cash did Amazon earn,1
 How much totality cash did Amazon gain,1
 How much totality cash did Amazon take_in,1
 How much totality cash did Amazon clear,1
 How much totality cash did Amazon make,1
 How much totality cash did Amazon realize,1
 How much totality cash did Amazon realise,1
 How much totality cash did Amazon pull_in,1
 How much totality cash did Amazon bring_in,1
 How much totality cash did Amazon garner,1
 How much totality hard_cash did Amazon earn,1
 How much totality hard_cash did Amazon gain,1
 How much totality hard_cash did Amazon take_in,1
 How much totality hard_cash did Amazon clear,1
 How much totality hard_cash did Amazon make,1
 How much totality hard_cash did Amazon realize,1
 How much totality hard_cash did Amazon realise,1
 How much totality hard_cash did Amazon pull_in,1
 How much totality hard_cash did Amazon bring_in,1
 How much totality hard_cash did Amazon garner,1
 How much totality hard_currency did Amazon earn,1
 How much totality hard_currency did Amazon gain,1
 How much totality hard_currency did Amazon take_in,1
 How much totality hard_currency did Amazon clear,1
 How much totality hard_currency did Amazon make,1
 How much totality hard_currency did Amazon realize,1
 How much totality hard_currency did Amazon realise,1
 How much totality hard_currency did Amazon pull_in,1
 How much totality hard_currency did Amazon bring_in,1
 How much totality hard_currency did Amazon garner,1
 How much totality immediate_payment did Amazon earn,1
 How much totality immediate_payment did Amazon gain,1
 How much totality immediate_payment did Amazon take_in,1
 How much totality immediate_payment did Amazon clear,1
 How much totality immediate_payment did Amazon make,1
 How much totality immediate_payment did Amazon realize,1
 How much totality immediate_payment did Amazon realise,1
 How much totality immediate_payment did Amazon pull_in,1
 How much totality immediate_payment did Amazon bring_in,1
 How much totality immediate_payment did Amazon garner,1
 How much totality Cash did Amazon earn,1
 How much totality Cash did Amazon gain,1
 How much totality Cash did Amazon take_in,1
 How much totality Cash did Amazon clear,1
 How much totality Cash did Amazon make,1
 How much totality Cash did Amazon realize,1
 How much totality Cash did Amazon realise,1
 How much totality Cash did Amazon pull_in,1
 How much totality Cash did Amazon bring_in,1
 How much totality Cash did Amazon garner,1
 How much totality Johnny_Cash did Amazon earn,1
 How much totality Johnny_Cash did Amazon gain,1
 How much totality Johnny_Cash did Amazon take_in,1
 How much totality Johnny_Cash did Amazon clear,1
 How much totality Johnny_Cash did Amazon make,1
 How much totality Johnny_Cash did Amazon realize,1
 How much totality Johnny_Cash did Amazon realise,1
 How much totality Johnny_Cash did Amazon pull_in,1
 How much totality Johnny_Cash did Amazon bring_in,1
 How much totality Johnny_Cash did Amazon garner,1
 How much totality John_Cash did Amazon earn,1
 How much totality John_Cash did Amazon gain,1
 How much totality John_Cash did Amazon take_in,1
 How much totality John_Cash did Amazon clear,1
 How much totality John_Cash did Amazon make,1
 How much totality John_Cash did Amazon realize,1
 How much totality John_Cash did Amazon realise,1
 How much totality John_Cash did Amazon pull_in,1
 How much totality John_Cash did Amazon bring_in,1
 How much totality John_Cash did Amazon garner,1
 How much totality cash_in did Amazon earn,1
 How much totality cash_in did Amazon gain,1
 How much totality cash_in did Amazon take_in,1
 How much totality cash_in did Amazon clear,1
 How much totality cash_in did Amazon make,1
 How much totality cash_in did Amazon realize,1
 How much totality cash_in did Amazon realise,1
 How much totality cash_in did Amazon pull_in,1
 How much totality cash_in did Amazon bring_in,1
 How much totality cash_in did Amazon garner,1
 How much aggregate cash did Amazon earn,1
 How much aggregate cash did Amazon gain,1
 How much aggregate cash did Amazon take_in,1
 How much aggregate cash did Amazon clear,1
 How much aggregate cash did Amazon make,1
 How much aggregate cash did Amazon realize,1
 How much aggregate cash did Amazon realise,1
 How much aggregate cash did Amazon pull_in,1
 How much aggregate cash did Amazon bring_in,1
 How much aggregate immediate_payment did Amazon garner,1
 How much aggregate Cash did Amazon earn,1
 How much aggregate Cash did Amazon gain,1
 How much aggregate Cash did Amazon take_in,1
 How much aggregate Cash did Amazon clear,1
 How much aggregate Cash did Amazon make,1
 How much aggregate Cash did Amazon realize,1
 How much aggregate Cash did Amazon realise,1
 How much aggregate Cash did Amazon pull_in,1
 How much aggregate cash_in did Amazon pull_in,1
 How much aggregate cash_in did Amazon bring_in,1
 How much aggregate cash_in did Amazon garner,1
 How much amount cash did Amazon earn,1
 How much amount cash did Amazon gain,1
 How much amount cash did Amazon take_in,1
 How much amount cash did Amazon clear,1
 How much amount cash did Amazon make,1
 How much amount cash did Amazon realize,1
 How much amount cash did Amazon realise,1
 How much amount cash did Amazon pull_in,1
 How much amount cash did Amazon bring_in,1
 How much amount cash did Amazon garner,1
 How much amount hard_cash did Amazon earn,1
 How much amount hard_cash did Amazon gain,1
 How much amount hard_cash did Amazon take_in,1
 How much amount hard_cash did Amazon clear,1
 How much did Amazon gain,1 
 How much did Amazon take_in,1 
 How much did Amazon clear,1 
 How much did Amazon make,1 
 How much did Amazon earn,1 
 How much did Amazon realize,1 
 How much did Amazon realise,1 
 How much did Amazon pull_in,1 
 How much did Amazon bring_in,1 
 How much did Amazon garner,1 
 How a_lot did Amazon Earn,1 
 How a_lot did Amazon gain,1 
 How a_lot did Amazon take_in,1 
 How a_lot did Amazon clear,1 
 How a_lot did Amazon make,1 
 How a_lot did Amazon earn,1 
 What is the earning of Amazon,1 
 What is the gain of Amazon,1 
 What is the take_in of Amazon,1 
 What is the clear of Amazon,1 
 What is the make of Amazon,1 
 What is the earn of Amazon,1 
 What is the realize of Amazon,1 
 How rich is Amazon,1 
 How rich_people is Amazon,1 
 How often money does Amazon have,1 
 What is the net sales of Amazon,1 
 What is the net gross_sales of Amazon,1 
 What is the net gross_revenue of Amazon,1 
 What is the net sale of Amazon,1 
 What is the net cut-rate_sale of Amazon,1 
 What is the net sales_event of Amazon,1 
 What is the saving of Amazon,1  
 How many employees are there in Amazon,2 
 How many employee are there in Amazon,2 
 Tell me the number of people who are there in Amazon,2 
 Tell me the number of citizenry who are there in Amazon,2 
 Tell me the number of multitude who are there in Amazon,2 
 Tell me the number of masses who are there in Amazon,2 
 Tell me the amount of people who are there in Amazon,2 
 Tell me the amount of citizenry who are there in Amazon,2 
 Tell me the amount of multitude who are there in Amazon,2 
 Tell me the amount of masses who are there in Amazon,2 
 Tell me the amount of mass who are there in Amazon,2 
 Tell me the amount of hoi_polloi who are there in Amazon,2 
 state me the enumerate of the_great_unwashed who are there in Amazon,2 
 state me the numerate of people who are there in Amazon,2 
 state me the numerate of citizenry who are there in Amazon,2 
 state me the numerate of multitude who are there in Amazon,2 
 state me the numerate of masses who are there in Amazon,2 
 state me the numerate of mass who are there in Amazon,2 
 state me the numerate of hoi_polloi who are there in Amazon,2 
 state me the numerate of the_great_unwashed who are there in Amazon,2 
 state me the keep_down of people who are there in Amazon,2 
 state me the keep_down of citizenry who are there in Amazon,2 
 state me the keep_down of multitude who are there in Amazon,2 
 state me the keep_down of masses who are there in Amazon,2 
 state me the keep_down of mass who are there in Amazon,2 
 state me the keep_down of hoi_polloi who are there in Amazon,2 
 state me the keep_down of the_great_unwashed who are there in Amazon,2 
 say me the number of people who are there in Amazon,2 
 say me the number of citizenry who are there in Amazon,2 
 say me the number of multitude who are there in Amazon,2 
 tell me the number of people who are there in Amazon,2 
 tell me the number of citizenry who are there in Amazon,2 
 tell me the number of multitude who are there in Amazon,2 
 tell me the number of masses who are there in Amazon,2 
 tell me the number of mass who are there in Amazon,2 
 tell me the number of hoi_polloi who are there in Amazon,2 
 tell me the number of the_great_unwashed who are there in Amazon,2 
 tell me the figure of people who are there in Amazon,2 
 tell me the figure of citizenry who are there in Amazon,2 
 narrate me the act of masses who are there in Amazon,2 
 narrate me the act of mass who are there in Amazon,2 
 narrate me the act of hoi_polloi who are there in Amazon,2 
 narrate me the act of the_great_unwashed who are there in Amazon,2 
 narrate me the routine of people who are there in Amazon,2 
 narrate me the routine of citizenry who are there in Amazon,2 
 narrate me the routine of multitude who are there in Amazon,2 
 narrate me the routine of masses who are there in Amazon,2 
 narrate me the routine of mass who are there in Amazon,2 
 narrate me the routine of hoi_polloi who are there in Amazon,2 
 narrate me the routine of the_great_unwashed who are there in Amazon,2 
 narrate me the turn of people who are there in Amazon,2 
 narrate me the turn of citizenry who are there in Amazon,2 
 recount me the routine of masses who are there in Amazon,2 
 recount me the routine of mass who are there in Amazon,2 
 recount me the routine of hoi_polloi who are there in Amazon,2 
 recount me the routine of the_great_unwashed who are there in Amazon,2 
 recount me the turn of people who are there in Amazon,2 
 recount me the turn of citizenry who are there in Amazon,2 
 recount me the turn of multitude who are there in Amazon,2 
 recount me the turn of masses who are there in Amazon,2 
 recount me the turn of mass who are there in Amazon,2 
 recount me the turn of hoi_polloi who are there in Amazon,2 
 recount me the turn of the_great_unwashed who are there in Amazon,2 
 recount me the bit of people who are there in Amazon,2 
 recount me the bit of citizenry who are there in Amazon,2 
 recount me the bit of multitude who are there in Amazon,2 
 recite me the enumerate of people who are there in Amazon,2 
 recite me the enumerate of citizenry who are there in Amazon,2 
 recite me the enumerate of multitude who are there in Amazon,2 
 recite me the enumerate of masses who are there in Amazon,2 
 recite me the enumerate of mass who are there in Amazon,2 
 recite me the enumerate of hoi_polloi who are there in Amazon,2 
 recite me the enumerate of the_great_unwashed who are there in Amazon,2 
 recite me the numerate of people who are there in Amazon,2 
 recite me the numerate of citizenry who are there in Amazon,2 
 recite me the numerate of multitude who are there in Amazon,2 
 recite me the numerate of masses who are there in Amazon,2 
 recite me the numerate of mass who are there in Amazon,2 
 recite me the numerate of hoi_polloi who are there in Amazon,2 
 recite me the numerate of the_great_unwashed who are there in Amazon,2 
 Number of people work in Amazon,2 
 Number of people piece_of_work in Amazon,2 
 Number of people employment in Amazon,2 
 Number of people study in Amazon,2 
 Number of people workplace in Amazon,2 
 total of people work in Amazon,2 
 total of people piece_of_work in Amazon,2 
 total of people employment in Amazon,2 
 i would like to know the number of employees in Amazon,2
 i would like to know the number of employee in Amazon,2
 i would like to know the figure of employees in Amazon,2
 i would like to know the figure of employee in Amazon,2
 i would like to know the act of employees in Amazon,2
 i would like to know the act of employee in Amazon,2
 i would like to know the routine of employees in Amazon,2
 i would same to know the count of employees in Amazon,2
 i would same to know the count of employee in Amazon,2
 i would same to know the enumerate of employees in Amazon,2
 Employement statistics of Amazon,2 
 Employement statistic of Amazon,2 
 How many people are there in Amazon,2 
 Men and Women in Amazon,2 
 Men and woman in Amazon,2 
 Men and adult_female in Amazon,2 
 Men and charwoman in Amazon,2 
 Men and char in Amazon,2 
 work_force and Women in Amazon,2 
 work_force and woman in Amazon,2 
 work_force and adult_female in Amazon,2 
 work_force and charwoman in Amazon,2 
 work_force and char in Amazon,2 
 work_force and cleaning_woman in Amazon,2 
 work_force and cleaning_lady in Amazon,2 
 work_force and womanhood in Amazon,2 
 work_force and fair_sex in Amazon,2 
 workforce and Women in Amazon,2 
 workforce and woman in Amazon,2 
 human_being and Women in Amazon,2 
 human_being and woman in Amazon,2 
 human_being and adult_female in Amazon,2 
 human_being and charwoman in Amazon,2 
 human_being and char in Amazon,2 
 human_being and cleaning_woman in Amazon,2 
 human_being and cleaning_lady in Amazon,2 
 human_being and womanhood in Amazon,2 
 human_being and fair_sex in Amazon,2 
 human and Women in Amazon,2 
 human and woman in Amazon,2 
 human and adult_female in Amazon,2 
 Man and Women in Amazon,2 
 Man and woman in Amazon,2 
 Man and adult_female in Amazon,2 
 Man and charwoman in Amazon,2 
 Man and char in Amazon,2 
 Man and cleaning_woman in Amazon,2 
 Man and cleaning_lady in Amazon,2 
 Man and womanhood in Amazon,2 
 Man and fair_sex in Amazon,2  
 Subsidiaries of Amazon,3 
 subordinate of Amazon,3 
 subsidiary of Amazon,3 
 underling of Amazon,3 
 foot_soldier of Amazon,3 
 subsidiary_company of Amazon,3 
 Assets pf Amazon,3 
 assets pf Amazon,3 
 asset pf Amazon,3 
 plus pf Amazon,3 
 Companies owned by Amazon,3 
 Companies own by Amazon,3 
 Companies have by Amazon,3 
 Companies possess by Amazon,3 
 company owned by Amazon,3 
 company own by Amazon,3 
 company have by Amazon,3 
 company possess by Amazon,3 
 companionship owned by Amazon,3 
 companionship own by Amazon,3 
 companionship have by Amazon,3 
 companionship possess by Amazon,3 
 society own by Amazon,3 
 society have by Amazon,3 
 society possess by Amazon,3 
 troupe owned by Amazon,3 
 troupe own by Amazon,3 
 troupe have by Amazon,3 
 troupe possess by Amazon,3 
 caller owned by Amazon,3 
 caller own by Amazon,3 
 caller have by Amazon,3 
 caller possess by Amazon,3 
 party owned by Amazon,3 
 party own by Amazon,3 
 party have by Amazon,3 
 party possess by Amazon,3 
 Who does Amazon own,3 
 Cooperations owned by Amazon,3 
 Cooperations own by Amazon,3 
 Cooperations have by Amazon,3 
 Cooperations possess by Amazon,3 
 Children companies of Amazon,3 
 Children company of Amazon,3 
 Children companionship of Amazon,3 
 Children fellowship of Amazon,3 
 Children society of Amazon,3 
 child fellowship of Amazon,3 
 child society of Amazon,3 
 child troupe of Amazon,3 
 child caller of Amazon,3 
 child party of Amazon,3 
 child ship's_company of Amazon,3 
 child companion of Amazon,3 
 child accompany of Amazon,3 
 child keep_company of Amazon,3 
 kid companies of Amazon,3 
 kid company of Amazon,3 
 youngster companies of Amazon,3 
 youngster company of Amazon,3 
 youngster companionship of Amazon,3 
 minor companies of Amazon,3 
 minor company of Amazon,3 
 minor companionship of Amazon,3 
 minor fellowship of Amazon,3 
 minor society of Amazon,3 
 minor troupe of Amazon,3 
 nestling companies of Amazon,3 
 nestling company of Amazon,3 
 nestling companionship of Amazon,3 
 nestling fellowship of Amazon,3 
 nestling society of Amazon,3 
 which all organisations under Amazon,3 
 which all administration under Amazon,3 
 which all governance under Amazon,3 
 which all governing_body under Amazon,3 
 which all establishment under Amazon,3 
 which all brass under Amazon,3 
 which all organization under Amazon,3 
 which all organisation under Amazon,3 
 which all arrangement under Amazon,3 
 which all system under Amazon,3 
 which all constitution under Amazon,3 
 which all formation under Amazon,3 
